{"cameraMode":{"drawMode":0,"name":"Shaded","section":"Shading Mode"},"sceneLighting":true,"audioPlay":false,"sceneViewState":{"showFog":true,"showMaterialUpdate":false,"showSkybox":false,"showFlares":true,"showImageEffects":true,"showParticleSystems":true},"in2DMode":false,"pivot":{"x":-46.617984771728519,"y":-17.993152618408204,"z":-10.838021278381348},"rotation":{"x":0.14886312186717988,"y":-0.7723586559295654,"z":0.1963934451341629,"w":0.5854374766349793},"size":75.56571197509766,"orthographic":false}