{"cameraMode":{"drawMode":0,"name":"Shaded","section":"Shading Mode"},"sceneLighting":true,"audioPlay":false,"sceneViewState":{"showFog":true,"showMaterialUpdate":false,"showSkybox":true,"showFlares":true,"showImageEffects":true,"showParticleSystems":true},"in2DMode":false,"pivot":{"x":-42.1083869934082,"y":3.819000720977783,"z":-4.130005359649658},"rotation":{"x":0.27335119247436526,"y":-0.6449263095855713,"z":0.2662326991558075,"w":0.6621745824813843},"size":110.59867095947266,"orthographic":false}