{"cameraMode":{"drawMode":0,"name":"Shaded","section":"Shading Mode"},"sceneLighting":false,"audioPlay":false,"sceneViewState":{"showFog":true,"showMaterialUpdate":false,"showSkybox":false,"showFlares":true,"showImageEffects":true,"showParticleSystems":true},"in2DMode":false,"pivot":{"x":140.6999969482422,"y":13.600000381469727,"z":-46.5},"rotation":{"x":-0.08335883915424347,"y":0.8225523233413696,"z":-0.12547066807746888,"w":-0.5484675765037537},"size":5.527437686920166,"orthographic":true}