{"cameraMode":{"drawMode":0,"name":"Shaded","section":"Shading Mode"},"sceneLighting":false,"audioPlay":false,"sceneViewState":{"showFog":true,"showMaterialUpdate":false,"showSkybox":false,"showFlares":true,"showImageEffects":true,"showParticleSystems":true},"in2DMode":false,"pivot":{"x":1.7200002670288087,"y":2.8700003623962404,"z":0.03400015830993652},"rotation":{"x":-0.15443018078804017,"y":0.7966197729110718,"z":-0.2290985882282257,"w":-0.5377982258796692},"size":36.92331314086914,"orthographic":true}