{"cameraMode":{"drawMode":0,"name":"Shaded","section":"Shading Mode"},"sceneLighting":false,"audioPlay":false,"sceneViewState":{"showFog":false,"showMaterialUpdate":false,"showSkybox":false,"showFlares":false,"showImageEffects":false,"showParticleSystems":false},"in2DMode":false,"pivot":{"x":-5.817869186401367,"y":2.614734172821045,"z":0.21058624982833863},"rotation":{"x":0.08290110528469086,"y":-0.9077812433242798,"z":0.22065602242946626,"w":0.34747204184532168},"size":8.315442085266114,"orthographic":true}