{"cameraMode":{"drawMode":0,"name":"Shaded","section":"Shading Mode"},"sceneLighting":false,"audioPlay":false,"sceneViewState":{"showFog":true,"showMaterialUpdate":false,"showSkybox":false,"showFlares":true,"showImageEffects":true,"showParticleSystems":true},"in2DMode":false,"pivot":{"x":-14.576778411865235,"y":3.4762392044067385,"z":0.46917724609375},"rotation":{"x":0.014767749235033989,"y":-0.9754014015197754,"z":0.20943990349769593,"w":0.06912150979042053},"size":8.873272895812989,"orthographic":true}