{"cameraMode":{"drawMode":0,"name":"Shaded","section":"Shading Mode"},"sceneLighting":false,"audioPlay":false,"sceneViewState":{"showFog":false,"showMaterialUpdate":false,"showSkybox":false,"showFlares":false,"showImageEffects":false,"showParticleSystems":false},"in2DMode":false,"pivot":{"x":71.01919555664063,"y":-8.02435302734375,"z":6.926228046417236},"rotation":{"x":0.031238654628396035,"y":0.3424849212169647,"z":-0.009803724475204945,"w":0.939151406288147},"size":188.37026977539063,"orthographic":true}