{"cameraMode":{"drawMode":0,"name":"Shaded","section":"Shading Mode"},"sceneLighting":false,"audioPlay":false,"sceneViewState":{"showFog":false,"showMaterialUpdate":false,"showSkybox":false,"showFlares":false,"showImageEffects":false,"showParticleSystems":false},"in2DMode":false,"pivot":{"x":-4.650476455688477,"y":-0.4537539482116699,"z":-0.7217279672622681},"rotation":{"x":0.0847320407629013,"y":-0.9113306999206543,"z":0.24625185132026673,"w":0.3194087743759155},"size":8.315442085266114,"orthographic":true}