{"cameraMode":{"drawMode":0,"name":"Shaded","section":"Shading Mode"},"sceneLighting":false,"audioPlay":false,"sceneViewState":{"showFog":false,"showMaterialUpdate":false,"showSkybox":false,"showFlares":false,"showImageEffects":false,"showParticleSystems":false},"in2DMode":false,"pivot":{"x":-35.05495834350586,"y":19.980587005615236,"z":58.32698059082031},"rotation":{"x":-0.36451688408851626,"y":0.04185507073998451,"z":-0.017842065542936326,"w":-0.9302881360054016},"size":354.14642333984377,"orthographic":true}