{"cameraMode":{"drawMode":0,"name":"Shaded","section":"Shading Mode"},"sceneLighting":false,"audioPlay":false,"sceneViewState":{"showFog":true,"showMaterialUpdate":false,"showSkybox":false,"showFlares":true,"showImageEffects":true,"showParticleSystems":true},"in2DMode":false,"pivot":{"x":-6.320854663848877,"y":1.702850580215454,"z":-4.131288051605225},"rotation":{"x":0.06760264188051224,"y":-0.7147237062454224,"z":0.07006756961345673,"w":0.6927841305732727},"size":6.421286582946777,"orthographic":true}