{"cameraMode":{"drawMode":0,"name":"Shaded","section":"Shading Mode"},"sceneLighting":false,"audioPlay":false,"sceneViewState":{"showFog":false,"showMaterialUpdate":false,"showSkybox":false,"showFlares":false,"showImageEffects":false,"showParticleSystems":false},"in2DMode":false,"pivot":{"x":-81.6600112915039,"y":11.472512245178223,"z":42.97222137451172},"rotation":{"x":0.4057108759880066,"y":0.538762629032135,"z":-0.3283625841140747,"w":0.6615884304046631},"size":17.863037109375,"orthographic":true}