{"cameraMode":{"drawMode":0,"name":"Shaded","section":"Shading Mode"},"sceneLighting":false,"audioPlay":false,"sceneViewState":{"showFog":true,"showMaterialUpdate":false,"showSkybox":false,"showFlares":true,"showImageEffects":true,"showParticleSystems":true},"in2DMode":false,"pivot":{"x":-14.265908241271973,"y":2.2044637203216554,"z":1.493884563446045},"rotation":{"x":0.04372257739305496,"y":-0.9362620115280151,"z":0.32542186975479128,"w":0.12598267197608949},"size":21.41507911682129,"orthographic":true}