{"cameraMode":{"drawMode":0,"name":"Shaded","section":"Shading Mode"},"sceneLighting":false,"audioPlay":false,"sceneViewState":{"showFog":false,"showMaterialUpdate":false,"showSkybox":false,"showFlares":false,"showImageEffects":false,"showParticleSystems":false},"in2DMode":false,"pivot":{"x":-8.758594512939454,"y":-8.195703506469727,"z":-4.789394855499268},"rotation":{"x":0.29262736439704897,"y":0.38488534092903139,"z":-0.12841051816940309,"w":0.8660776615142822},"size":172.86451721191407,"orthographic":true}