{"cameraMode":{"drawMode":0,"name":"Shaded","section":"Shading Mode"},"sceneLighting":false,"audioPlay":false,"sceneViewState":{"showFog":true,"showMaterialUpdate":false,"showSkybox":false,"showFlares":true,"showImageEffects":true,"showParticleSystems":true},"in2DMode":false,"pivot":{"x":-10.983280181884766,"y":-0.7787095308303833,"z":-0.14277487993240357},"rotation":{"x":-0.12647677958011628,"y":0.7233949899673462,"z":-0.13776026666164399,"w":-0.6647549867630005},"size":21.326736450195314,"orthographic":true}